Date,Cases,Deaths,Tests,Cases/Population,Diff Cases/Population,Deaths/Cases,Tests/Cases
2020-01-22,1.0,0.0,0.0,2.6602819898909283e-06,,0.0,0.0
2020-01-23,1.0,0.0,0.0,2.6602819898909283e-06,0.0,0.0,0.0
2020-01-24,2.0,0.0,0.0,5.3205639797818565e-06,0.0002660281989890928,0.0,0.0
2020-01-25,2.0,0.0,0.0,5.3205639797818565e-06,0.0,0.0,0.0
2020-01-26,2.0,0.0,0.0,5.3205639797818565e-06,0.0,0.0,0.0
2020-01-27,4.0,0.0,0.0,1.0641127959563713e-05,0.0005320563979781856,0.0,0.0
2020-01-28,4.0,0.0,0.0,1.0641127959563713e-05,0.0,0.0,0.0
2020-01-29,4.0,0.0,0.0,1.0641127959563713e-05,0.0,0.0,0.0
2020-01-30,4.0,0.0,0.0,1.0641127959563713e-05,0.0,0.0,0.0
2020-01-31,4.0,0.0,0.0,1.0641127959563713e-05,0.0,0.0,0.0
2020-02-01,5.0,0.0,0.0,1.3301409949454642e-05,0.0002660281989890929,0.0,0.0
2020-02-02,5.0,0.0,0.0,1.3301409949454642e-05,0.0,0.0,0.0
2020-02-03,7.0,0.0,0.0,1.8621973929236497e-05,0.0005320563979781855,0.0,0.0
2020-02-04,7.0,0.0,63.0,1.8621973929236497e-05,0.0,0.0,9.0
2020-02-05,7.0,0.0,0.0,1.8621973929236497e-05,0.0,0.0,0.0
2020-02-06,7.0,0.0,0.0,1.8621973929236497e-05,0.0,0.0,0.0
2020-02-07,7.0,0.0,0.0,1.8621973929236497e-05,0.0,0.0,0.0
2020-02-08,7.0,0.0,0.0,1.8621973929236497e-05,0.0,0.0,0.0
2020-02-09,7.0,0.0,0.0,1.8621973929236497e-05,0.0,0.0,0.0
2020-02-10,7.0,0.0,0.0,1.8621973929236497e-05,0.0,0.0,0.0
2020-02-11,7.0,0.0,0.0,1.8621973929236497e-05,0.0,0.0,0.0
2020-02-12,7.0,0.0,109.0,1.8621973929236497e-05,0.0,0.0,15.571428571428571
2020-02-13,8.0,0.0,0.0,2.1282255919127426e-05,0.0002660281989890929,0.0,0.0
2020-02-14,8.0,0.0,0.0,2.1282255919127426e-05,0.0,0.0,0.0
2020-02-15,8.0,0.0,0.0,2.1282255919127426e-05,0.0,0.0,0.0
2020-02-16,8.0,0.0,0.0,2.1282255919127426e-05,0.0,0.0,0.0
2020-02-17,9.0,0.0,166.0,2.394253790901836e-05,0.00026602819898909324,0.0,18.444444444444443
2020-02-18,9.0,0.0,0.0,2.394253790901836e-05,0.0,0.0,0.0
2020-02-19,9.0,0.0,0.0,2.394253790901836e-05,0.0,0.0,0.0
2020-02-20,10.0,0.0,212.0,2.6602819898909284e-05,0.0002660281989890926,0.0,21.2
2020-02-21,12.0,0.0,230.0,3.192338387869114e-05,0.0005320563979781858,0.0,19.166666666666668
2020-02-22,12.0,0.0,292.0,3.192338387869114e-05,0.0,0.0,24.333333333333332
2020-02-23,14.0,0.0,369.0,3.7243947858472994e-05,0.0005320563979781852,0.0,26.357142857142858
2020-02-24,15.0,0.0,0.0,3.990422984836393e-05,0.0002660281989890936,0.0,0.0
2020-02-29,21.0,0.0,510.0,5.58659217877095e-05,0.0015961691939345567,0.0,24.285714285714285
2020-03-01,26.0,0.0,635.0,6.916733173716414e-05,0.0013301409949454646,0.0,24.423076923076923
2020-03-02,32.0,0.0,0.0,8.51290236765097e-05,0.001596169193934556,0.0,0.0
2020-03-03,37.0,0.0,733.0,9.843043362596435e-05,0.0013301409949454646,0.0,19.81081081081081
2020-03-04,42.0,0.0,0.0,0.000111731843575419,0.0013301409949454646,0.0,0.0
2020-03-05,46.0,0.0,1099.0,0.0001223729715349827,0.0010641127959563716,0.0,23.891304347826086
2020-03-06,60.0,0.0,1395.0,0.00015961691939345572,0.0037243947858473007,0.0,23.25
2020-03-07,64.0,0.0,1767.0,0.0001702580473530194,0.0010641127959563688,0.0,27.609375
2020-03-08,74.0,0.0,2699.0,0.0001968608672519287,0.0026602819898909292,0.0,36.472972972972975
2020-03-09,88.0,1.0,3531.0,0.00023410481511040168,0.003724394785847298,1.1363636363636365,40.125
2020-03-10,92.0,1.0,0.0,0.0002447459430699654,0.0010641127959563745,1.0869565217391304,0.0
2020-03-11,127.0,1.0,4846.0,0.00033785581271614793,0.00931098696461825,0.7874015748031495,38.15748031496063
2020-03-12,141.0,1.0,6739.0,0.0003750997605746209,0.003724394785847298,0.7092198581560284,47.794326241134755
2020-03-13,213.0,1.0,9889.0,0.0005666400638467678,0.01915403032721469,0.4694835680751174,46.42723004694836
2020-03-14,236.0,1.0,13209.0,0.0006278265496142591,0.00611864857674913,0.423728813559322,55.970338983050844
2020-03-15,296.0,1.0,17357.0,0.0007874434690077148,0.01596169193934557,0.33783783783783783,58.638513513513516
2020-03-16,450.0,4.0,21876.0,0.0011971268954509178,0.0409683426443203,0.8888888888888888,48.61333333333334
2020-03-17,532.0,6.0,26907.0,0.001415270018621974,0.02181431231710561,1.1278195488721803,50.57706766917293
2020-03-18,732.0,11.0,34193.0,0.0019473264166001594,0.053205639797818546,1.5027322404371584,46.71174863387978
2020-03-19,921.0,11.0,42801.0,0.002450119712689545,0.05027932960893857,1.1943539630836049,46.472312703583064
2020-03-20,1175.0,15.0,50068.0,0.0031258313381218408,0.06757116254322956,1.276595744680851,42.611063829787234
2020-03-21,1653.0,19.0,58195.0,0.004397446129289704,0.12716147911678632,1.1494252873563218,35.20568663036902
2020-03-22,2045.0,22.0,68730.0,0.005440276669326949,0.10428305400372448,1.075794621026895,33.608801955990224
2020-03-23,2600.0,29.0,79877.0,0.006916733173716414,0.1476456504389465,1.1153846153846154,30.721923076923076
2020-03-24,3185.0,33.0,90468.0,0.008472998137802607,0.15562649640861928,1.0361067503924646,28.404395604395603
2020-03-25,3683.0,42.0,101538.0,0.00979781856876829,0.13248204309656825,1.1403746945424924,27.569372793918003
2020-03-26,4550.0,57.0,112449.0,0.012104283054003724,0.23064644852354346,1.2527472527472527,24.714065934065935
2020-03-27,5249.0,66.0,124666.0,0.013963820164937484,0.185953711093376,1.2573823585444848,23.750428653076778
2020-03-28,6085.0,82.0,137153.0,0.0161878159084863,0.22239957435488175,1.3475760065735416,22.53952341824158
2020-03-29,7015.0,96.0,152595.0,0.018661878159084863,0.24740622505985618,1.368496079828938,21.752672843905916
2020-03-30,8121.0,125.0,164718.0,0.021604150039904232,0.2942271880819369,1.5392193079669991,20.282970077576653
2020-03-31,9246.0,152.0,178318.0,0.02459696727853153,0.29928172386272966,1.6439541423318191,19.285961496863507
2020-04-01,10527.0,175.0,192339.0,0.028004788507581806,0.34078212290502774,1.6623919445236062,18.27101738387005
2020-04-02,12219.0,224.0,208760.0,0.03250598563447726,0.4501197126895451,1.833210573696702,17.084867828791225
2020-04-03,13559.0,277.0,223618.0,0.036070763500931094,0.35647778664538377,2.0429235194335864,16.492219190205766
2020-04-04,14906.0,360.0,238679.0,0.03965416334131418,0.35833998403830836,2.4151348450288475,16.01227693546223
2020-04-05,16475.0,435.0,251171.0,0.043828145783453044,0.4173982442138867,2.640364188163885,15.245584218512898
2020-04-06,17521.0,520.0,261979.0,0.04661080074487896,0.27826549614259133,2.9678671308715256,14.95228582843445
2020-04-07,18858.0,581.0,269825.0,0.05016759776536313,0.35567970204841703,3.080920564216778,14.308251140099692
2020-04-08,20122.0,648.0,278552.0,0.05353019420058526,0.33625964352221316,3.2203558294404133,13.843156743862439
2020-04-09,21502.0,771.0,289379.0,0.057201383346634736,0.3671189146049476,3.5857129569342385,13.45823644312157
2020-04-10,22777.0,867.0,300011.0,0.06059324288374567,0.3391859537110936,3.806471440488212,13.171664398296528
2020-04-11,24084.0,986.0,312421.0,0.06407023144453312,0.3476988560787452,4.094004318219565,12.972139179538283
2020-04-12,25303.0,1095.0,324486.0,0.06731311519021017,0.324288374567705,4.327550092874363,12.824012962889777
2020-04-13,26937.0,1225.0,335915.0,0.07166001596169194,0.4346900771481768,4.54764821620819,12.470393882021012
2020-04-14,28563.0,1361.0,347084.0,0.07598563447725458,0.43256185155626375,4.7649056471659135,12.151524699786437
2020-04-15,30223.0,1515.0,359691.0,0.08040170258047352,0.44160681032189425,5.012738642755518,11.901234159415015
2020-04-16,32790.0,1718.0,372222.0,0.08723064644852355,0.6828943868050025,5.239402256785605,11.351692589204026
2020-04-17,34876.0,1844.0,386119.0,0.09277999467943603,0.5549348230912479,5.287303589861223,11.071195091180181
2020-04-18,36358.0,1987.0,399762.0,0.09672253258845438,0.39425379090183565,5.465097090048958,10.9951592496837
2020-04-19,38026.0,2145.0,415678.0,0.10115988294759244,0.4437350359138059,5.640877294482722,10.931415347393889
2020-04-20,39591.0,2291.0,438683.0,0.10532322426177175,0.41633413141793085,5.7866686873279285,11.080371801672097
2020-04-21,41334.0,2484.0,460055.0,0.10996009577015164,0.46368715083798945,6.009580490637248,11.130183384138965
2020-04-22,43641.0,2679.0,481180.0,0.11609736632083002,0.6137270550678378,6.138722760706675,11.02587016796132
2020-04-23,45310.0,2850.0,505372.0,0.12053737696195797,0.44400106411279505,6.2900022070183175,11.153652615316707
2020-04-24,47007.0,3030.0,530351.0,0.12505187549880287,0.45144985368448937,6.445848490650328,11.282383474801625
2020-04-25,48570.0,3217.0,559114.0,0.1292098962490024,0.4158020750199526,6.6234301008853205,11.511509162034178
2020-04-26,50002.0,3374.0,586081.0,0.1330194200585262,0.3809523809523818,6.747730090796368,11.721151153953842
2020-04-27,51621.0,3559.0,613599.0,0.13732641660015962,0.4306996541633412,6.894480928304373,11.886615912128784
2020-04-28,53297.0,3756.0,640576.0,0.1417850492152168,0.445863261505719,7.047300973788394,12.018987935531081
2020-04-29,55061.0,4000.0,664330.0,0.1464777866453844,0.46927374301675984,7.264670093169394,12.065345707488058
2020-04-30,56716.0,4179.0,692108.0,0.15088055333865388,0.4402766693269472,7.368291134776783,12.20304675929191
2020-05-01,58549.0,4381.0,722784.0,0.15575685022612396,0.4876296887470072,7.482621394046013,12.344941843584007
2020-05-02,60023.0,4529.0,757028.0,0.1596781058792232,0.3921255653099254,7.5454409143161785,12.61229861886277
2020-05-03,61183.0,4669.0,789350.0,0.16276403298749667,0.3085927108273462,7.631204746416488,12.901459555758953
2020-05-04,62743.0,4911.0,823469.0,0.16691407289172652,0.4150039904229852,7.827167970929027,13.124476037167494
2020-05-05,64100.0,5081.0,852042.0,0.17052407555200852,0.3610002660281997,7.926677067082684,13.292386895475818
2020-05-06,65703.0,5240.0,874055.0,0.17478850758180367,0.4264432029795151,7.9752827115961225,13.303121623061353
2020-05-07,67146.0,5387.0,902008.0,0.1786272944932163,0.3838786911412623,8.022815953295803,13.433532898460072
2020-05-08,68485.0,5540.0,933526.0,0.18218941207768022,0.3562117584463925,8.089362634153465,13.63110170110243
2020-05-09,69645.0,5704.0,967073.0,0.1852753391859537,0.30859271082734896,8.190106971067557,13.885749156436212
2020-05-10,70736.0,5822.0,1003372.0,0.18817770683692472,0.2902367650971016,8.23060393576114,14.184743270753223
2020-05-11,71886.0,5956.0,1037402.0,0.19123703112529927,0.30593242883745486,8.28534067829619,14.431210527780097
2020-05-12,73083.0,6107.0,1065122.0,0.19442138866719874,0.31843575418994685,8.356252480056922,14.574141729266724
2020-05-13,74307.0,6210.0,1089235.0,0.1976775738228252,0.3256185155626451,8.357220719447698,14.658578599593579
2020-05-14,75428.0,6331.0,1120608.0,0.20065974993349295,0.2982176110667756,8.393434798748475,14.856658004984887
2020-05-15,76691.0,6452.0,1155817.0,0.2040196860867252,0.335993615323224,8.412981966593213,15.071090479978094
2020-05-16,77871.0,6571.0,1193389.0,0.20715881883479648,0.31391327480712883,8.43831464858548,15.325204504886287
2020-05-17,78992.0,6661.0,1231243.0,0.21014099494546423,0.2982176110667756,8.432499493619607,15.586932853959894
2020-05-18,80033.0,6753.0,1266322.0,0.21291034849694068,0.276935355147645,8.437769420114202,15.822498219484462
2020-05-19,81183.0,6828.0,1290260.0,0.21596967278531523,0.30593242883745486,8.410627840804109,15.893228877967061
2020-05-20,82488.0,6950.0,1308948.0,0.2194413407821229,0.3471667996807676,8.425467946852876,15.86834448647076
2020-05-21,83650.0,7046.0,1330479.0,0.22253258845437618,0.3091247672253272,8.423191870890616,15.905307830245068
2020-05-22,84814.0,7144.0,1358522.0,0.2256291566906092,0.3096568236233027,8.423137689532387,16.017662178413943
2020-05-23,85823.0,7238.0,1389533.0,0.22831338121840913,0.26842245277999277,8.433636670822507,16.190683150204492
2020-05-24,86749.0,7326.0,1420798.0,0.23077680234104814,0.24634211226390035,8.445054121661345,16.378263726383015
2020-05-25,87697.0,7420.0,1452296.0,0.23329874966746475,0.25219473264166126,8.46095077368667,16.560384049625416
2020-05-26,88502.0,7512.0,1477996.0,0.23544027666932693,0.21415270018621813,8.487943775281915,16.70014236966396
2020-05-27,89380.0,7606.0,1501086.0,0.23777600425645118,0.23357275871242478,8.509733721190422,16.79442828373238
2020-05-28,90219.0,7717.0,1533862.0,0.24000798084596967,0.22319765895184862,8.553630609960209,17.001540695418925
2020-05-29,91054.0,7797.0,1572747.0,0.2422293163075286,0.22213354615589487,8.563050497506975,17.27268434116019
2020-05-30,91805.0,7857.0,1613063.0,0.2442271880819367,0.19978717744080776,8.558357387941832,17.570535373890312
2020-05-31,92488.0,7906.0,1655117.0,0.2460441606810322,0.18169725990954955,8.54813597439668,17.895478332324192
2020-06-01,93330.0,7952.0,1693572.0,0.24828411811652035,0.22399574354881602,8.52030429658202,18.146062359369978
2020-06-02,93991.0,8008.0,1725035.0,0.25004256451183826,0.1758446395317914,8.519964677469119,18.35319339085657
2020-06-03,94658.0,8062.0,1754561.0,0.2518169725990955,0.1774408087257262,8.516976906336495,18.535792009127597
2020-06-04,95283.0,8126.0,1790252.0,0.25347964884277735,0.16626762436818265,8.528278916490875,18.788787086888533
2020-06-05,95949.0,8166.0,1831447.0,0.2552513966480447,0.1771747805267343,8.510771347278242,19.087713264338348
2020-06-06,96497.0,8228.0,1873869.0,0.2567092311785049,0.14578345304602225,8.52668994891033,19.418935303688198
2020-06-07,97164.0,8269.0,1918112.0,0.2584836392657622,0.1774408087257262,8.510353628916059,19.74097402330081
2020-06-08,97685.0,8313.0,1956236.0,0.25986964618249536,0.13860069167331845,8.510006654041051,20.02596099708246
2020-06-09,98174.0,8347.0,1986224.0,0.26117052407555197,0.13008778930566067,8.502251105180598,20.23167029967201
2020-06-10,98669.0,8382.0,2013633.0,0.26248736366054803,0.13168395849960657,8.495069373359414,20.407959946893147
2020-06-11,99118.0,8413.0,2052798.0,0.26368183027400904,0.11944666134610094,8.487862951229848,20.71064791460683
2020-06-12,99548.0,8442.0,2096926.0,0.26482575152966215,0.1143921255653102,8.480331096556435,21.06447141077671
2020-06-13,99959.0,8470.0,2146743.0,0.26591912742750734,0.10933758978451946,8.473474124391,21.476235256455148
2020-06-14,100286.0,8489.0,2194241.0,0.26678903963820166,0.08699122106943236,8.464790698601998,21.879833675687532
2020-06-15,100655.0,8497.0,2236719.0,0.2677706836924714,0.09816440542697591,8.441706820326859,22.221638269335852
2020-06-16,101021.0,8521.0,2274339.0,0.2687443469007715,0.09736632083000574,8.434879876461329,22.51352689044852
2020-06-17,101429.0,8542.0,2311002.0,0.269829741952647,0.10853950518754929,8.421654556389198,22.78443048832188
2020-06-18,101830.0,8555.0,2354977.0,0.27089651503059325,0.10667730779462814,8.401256996955711,23.126554060689383
2020-06-19,102233.0,8580.0,2402050.0,0.27196860867251926,0.10720936419260085,8.39259338961001,23.495837938826014
2020-06-20,102652.0,8609.0,2452379.0,0.2730832668262836,0.11146581537643252,8.386587694345945,23.890221330319918
2020-06-21,102957.0,8626.0,2500508.0,0.2738946528332003,0.08113860069167145,8.378254999660053,24.286915896927844
2020-06-22,103313.0,8646.0,2544303.0,0.2748417132216015,0.09470603884011997,8.368743526952077,24.627133081025622
2020-06-23,103707.0,8670.0,2581509.0,0.2758898643256185,0.10481511040170144,8.360091411380138,24.892331279470046
2020-06-24,104063.0,8700.0,2612757.0,0.27683692471401966,0.09470603884011441,8.36032019065374,25.107454138358495
2020-06-25,104387.0,8723.0,2654415.0,0.27769885607874434,0.08619313647246774,8.35640453313152,25.428597430714554
2020-06-26,104638.0,8730.0,2701589.0,0.278366586858207,0.06677307794626386,8.343049370209675,25.81843116267513
2020-06-27,104975.0,8739.0,2750374.0,0.2792631018888002,0.08965150305932368,8.324839247439867,26.200276256251488
2020-06-28,105348.0,8749.0,2803892.0,0.28025538707102954,0.09922851822293244,8.304856285833619,26.61552188935718
2020-06-29,105732.0,8768.0,2851641.0,0.28127693535514764,0.10215482841181012,8.292664472439753,26.97046305754171
2020-06-30,106029.0,8780.0,2894567.0,0.2820670391061453,0.07901037509976394,8.280753378792594,27.299767044865085
2020-07-01,106227.0,8790.0,2934155.0,0.28259377494014365,0.052673583399837076,8.274732412663448,27.621555725004
2020-07-02,106583.0,8806.0,2979417.0,0.28354083532854485,0.09470603884011997,8.262105589071428,27.95396076297346
2020-07-03,106903.0,8813.0,3023932.0,0.2843921255653099,0.08512902367650566,8.243922060185401,28.28668980290544
2020-07-04,107116.0,8821.0,3065271.0,0.2849587656291567,0.056664006384676835,8.234997572724897,28.616369169871916
2020-07-05,107303.0,8823.0,3104518.0,0.2854562383612663,0.04974727321096495,8.222510088254756,28.93225725282611
2020-07-06,107718.0,8836.0,3145104.0,0.28656025538707103,0.11040170258047044,8.202900165246291,29.197571436528715
2020-07-07,107973.0,8843.0,3177228.0,0.28723862729449323,0.06783719074222039,8.190010465579357,29.426134311355618
2020-07-08,108302.0,8855.0,3208097.0,0.28811386006916734,0.08752327746741062,8.176210965633137,29.62177060442097
2020-07-09,108617.0,8865.0,3250149.0,0.28895184889598297,0.08379888268156277,8.161705810324351,29.923023099514808
2020-07-10,108957.0,8879.0,3298898.0,0.2898563447725459,0.09044958765629385,8.14908633681177,30.277063428692053
2020-07-11,109133.0,8882.0,3351758.0,0.2903245544027667,0.04682096302208172,8.138693154224661,30.71259838912153
2020-07-12,109292.0,8887.0,3405241.0,0.29074753923915936,0.042298483639263695,8.131427734875379,31.157275921384915
2020-07-13,109965.0,8895.0,3457060.0,0.29253790901835597,0.179036977919661,8.088937389169281,31.43782112490338
2020-07-14,110352.0,8900.0,3497651.0,0.29356743814844377,0.10295291300878029,8.065100768450051,31.695401986370886
2020-07-15,110713.0,8914.0,3532695.0,0.2945277999467944,0.09603617983506285,8.051448339400071,31.908583454517537
2020-07-16,111160.0,8926.0,3580120.0,0.2957169459962756,0.11891460494812267,8.029866858582224,32.206908960057575
2020-07-17,111630.0,8936.0,3634898.0,0.2969672785315243,0.12503325352486994,8.00501657260593,32.562017378840814
2020-07-18,111976.0,8939.0,3693362.0,0.2978877361000266,0.09204575685022864,7.982960634421661,32.98351432449811
2020-07-19,112231.0,8943.0,3753607.0,0.2985661080074488,0.06783719074222039,7.968386631144693,33.44536714455008
2020-07-20,112982.0,8947.0,3808126.0,0.30056397978185684,0.1997871774408022,7.918960542387284,33.70559912198403
2020-07-21,113487.0,8954.0,3852126.0,0.3019074221867518,0.1343442404894979,7.889890472036444,33.943323904940655
2020-07-22,113836.0,8958.0,3898127.0,0.30283586060122375,0.09284384144719326,7.8692153624512455,34.243358867142206
2020-07-23,114494.0,8966.0,3951025.0,0.30458632615057196,0.17504655493482124,7.830978042517511,34.508576868656874
2020-07-24,115208.0,8970.0,4008172.0,0.3064857674913541,0.18994413407821265,7.785917644608014,34.790743698354284
2020-07-25,115554.0,8974.0,4070037.0,0.3074062250598563,0.09204575685022309,7.766066081658791,35.22194818007166
2020-07-26,115851.0,8978.0,4132139.0,0.30819632881085396,0.07901037509976394,7.749609412089667,35.667702479909536
2020-07-27,116477.0,8991.0,4188015.0,0.30986166533652565,0.166533652567169,7.719120513062665,35.95572516462477
2020-07-28,116838.0,9001.0,4237258.0,0.3108220271348763,0.09603617983506285,7.70382923363974,36.266094934867084
2020-07-29,117325.0,9006.0,4279312.0,0.31211758446395316,0.12955573290768796,7.676113360323887,36.47399957383337
2020-07-30,117740.0,9019.0,4335747.0,0.3132216014897579,0.11040170258047599,7.660098522167488,36.82475794122643
2020-07-31,118297.0,9025.0,4398108.0,0.31470337855812713,0.14817770683692166,7.629103020363999,37.17852523732639
2020-08-01,118523.0,9029.0,4460821.0,0.3153046022878425,0.06012237297153833,7.61793069699552,37.63675404773757
2020-08-02,118719.0,9032.0,4529169.0,0.31582601755786116,0.05214152700186436,7.607880794144156,38.15032977029793
2020-08-03,118945.0,9035.0,4590402.0,0.3164272412875765,0.06012237297153278,7.5959477069233685,38.592643658833914
2020-08-04,119658.0,9043.0,4635750.0,0.3183240223463687,0.18967810587922074,7.557371843086129,38.74166374166374
2020-08-05,120002.0,9049.0,4677949.0,0.3192391593508912,0.09151370045225038,7.54070765487242,38.98225862902285
2020-08-06,120315.0,9055.0,4723937.0,0.32007182761372704,0.0832668262835845,7.526077380210282,39.26307609192536
2020-08-07,120851.0,9060.0,4781013.0,0.32149773876030857,0.14259111465815266,7.496834945511415,39.56122001472888
2020-08-08,121084.0,9064.0,4839800.0,0.32211758446395317,0.06198457036445948,7.485712398004692,39.97059892306168
2020-08-09,121296.0,9067.0,4898783.0,0.32268156424581007,0.05639797818569048,7.475102229257353,40.38701193773908
2020-08-10,121926.0,9074.0,4958570.0,0.3243575418994413,0.16759776536312554,7.442219050899726,40.66868428390991
2020-08-11,122271.0,9080.0,5005681.0,0.3252753391859537,0.09177972865123674,7.426127209231952,40.93923334232974
2020-08-12,122580.0,9085.0,5049821.0,0.32609736632083003,0.08220271348763353,7.411486376244085,41.19612497960516
2020-08-13,123051.0,9091.0,5104825.0,0.32735035913806865,0.12529928172386184,7.38799359615119,41.485440996009785
2020-08-14,123464.0,9095.0,5167879.0,0.32844905559989357,0.10986964618249218,7.366519795243957,41.85737542927493
2020-08-15,123670.0,9101.0,5232301.0,0.3289970736898111,0.054801808991755685,7.359100832861648,42.308571197541845
2020-08-16,123826.0,9106.0,5298207.0,0.3294120776802341,0.041500399042299074,7.353867523783373,42.78751635359294
2020-08-17,124035.0,9108.0,5351934.0,0.3299680766161213,0.055599893588720306,7.34308864433426,43.148579030112465
2020-08-18,124936.0,9118.0,5402380.0,0.33236499068901304,0.23969140728917204,7.298136645962733,43.241179483895756
2020-08-19,125269.0,9124.0,5450573.0,0.3332508645916467,0.08858739026336715,7.283525852365709,43.51094843895936
2020-08-20,125505.0,9127.0,5507747.0,0.33387869114126095,0.0627826549614241,7.27222023026971,43.88468188518386
2020-08-21,126212.0,9141.0,5568435.0,0.33575951050811387,0.1880819366852915,7.24257598326625,44.11969543308085
2020-08-22,126421.0,9142.0,5632757.0,0.33631550944400107,0.055599893588720306,7.231393518481897,44.555548524374906
2020-08-23,126680.0,9146.0,5694345.0,0.3370045224793828,0.06890130353817137,7.219766340385222,44.95062361856647
2020-08-24,127433.0,9154.0,5749324.0,0.33900771481777064,0.20031923383878603,7.183382640289407,45.116445504696586
2020-08-25,127778.0,9159.0,5791993.0,0.33992551210428307,0.09177972865124229,7.167900577564213,45.32856203728341
2020-08-26,128239.0,9164.0,5835264.0,0.3411519021016228,0.12263899973397052,7.146032018340755,45.50303729754599
2020-08-27,128706.0,9168.0,5889923.0,0.3423942537909018,0.12423516892790532,7.1232110391123955,45.76261401954843
2020-08-28,129253.0,9181.0,5952708.0,0.34384942803937213,0.14551742484703034,7.103123331760192,46.05469892381608
2020-08-29,129582.0,9184.0,6021277.0,0.3447246608140463,0.08752327746741617,7.0874041147690265,46.466924418514914
2020-08-30,129829.0,9185.0,6088912.0,0.34538175046554936,0.06570896515030733,7.07469055449861,46.89947546387941
2020-08-31,130849.0,9193.0,6146834.0,0.3480952380952381,0.271348762968876,7.025655526599363,46.976545483725516
2020-09-01,131385.0,9197.0,6201792.0,0.34952114924181965,0.14259111465815266,7.0000380560946835,47.20319671195342
2020-09-02,131956.0,9199.0,6250262.0,0.35104017025804735,0.15190210162276951,6.971263148322168,47.366258449786294
2020-09-03,132582.0,9205.0,6308657.0,0.35270550678371904,0.166533652567169,6.9428730898613695,47.58305803201038
2020-09-04,133197.0,9206.0,6371047.0,0.354341580207502,0.16360734237829688,6.911567077336576,47.83176047508577
2020-09-05,133587.0,9207.0,6440078.0,0.35537909018355945,0.10375099760574491,6.89213770801051,48.20886762933519
2020-09-06,133955.0,9209.0,6509289.0,0.3563580739558393,0.097898377227984,6.874696726512634,48.593102161173526
2020-09-07,134335.0,9212.0,6575400.0,0.3573689811119979,0.10109071561585914,6.857483157777199,48.947779804220794
2020-09-08,135826.0,9219.0,6632575.0,0.36133546155892526,0.39664804469273784,6.787360299206338,48.83140930307894
2020-09-09,136276.0,9223.0,6686286.0,0.36253258845437614,0.11971268954508729,6.7678828260295285,49.064295987554665
2020-09-10,137169.0,9231.0,6737627.0,0.3649082202713488,0.23756318169726454,6.7296546595805165,49.11916686714928
2020-09-11,137976.0,9231.0,6803382.0,0.3670550678371908,0.21468475658419917,6.690293964167681,49.3084449469473
2020-09-12,138515.0,9233.0,6882899.0,0.36848895982974195,0.14338919925511728,6.665704075370899,49.690640002887775
2020-09-13,139028.0,9236.0,6966164.0,0.369853684490556,0.1364724660814054,6.6432661046695625,50.10619443565325
2020-09-14,140487.0,9249.0,7048721.0,0.37373503591380686,0.3881351423250856,6.583527301458498,50.17347512581235
2020-09-15,141318.0,9257.0,7121386.0,0.37594573024740624,0.22106943335993834,6.550474815663963,50.392632219533255
2020-09-16,142270.0,9262.0,7189611.0,0.3784783187017824,0.253258845437615,6.510156744218739,50.53497575033387
2020-09-17,143149.0,9267.0,7265614.0,0.3808167065708965,0.23383878691141113,6.473674283438935,50.755604300414255
2020-09-18,144513.0,9279.0,7358275.0,0.38444533120510777,0.3628624634211264,6.420875630566108,50.917737504584366
2020-09-19,145137.0,9286.0,7443935.0,0.3861053471667997,0.16600159616919075,6.398092836423517,51.28902347437249
2020-09-20,146321.0,9288.0,7540462.0,0.38925512104283055,0.31497738760308813,6.347687618318629,51.53369646188859
2020-09-21,148046.0,9300.0,7629201.0,0.39384410747539234,0.45889864325617813,6.281831322697,51.53263850424868
2020-09-22,149351.0,9309.0,7711178.0,0.3973157754722001,0.3471667996807759,6.232967974770841,51.63124451794766
2020-09-23,150652.0,9317.0,7790037.0,0.4007768023410481,0.3461026868848027,6.184451583782493,51.70881900007966
2020-09-24,151944.0,9325.0,7875649.0,0.4042138866719872,0.34370843309390886,6.137129468751645,51.83257647554362
2020-09-25,153680.0,9332.0,7961189.0,0.40883213620643793,0.46182495344507246,6.072358146798543,51.803676470588236
2020-09-26,154948.0,9338.0,8065962.0,0.4122053737696195,0.3373237563181586,6.026537935307329,52.05592844050907
2020-09-27,156560.0,9343.0,8167515.0,0.4164937483373238,0.4288374567704256,5.967680122636689,52.16859351047522
2020-09-28,158510.0,9360.0,8270610.0,0.4216812982176111,0.5187549880287301,5.904990221437133,52.17721279414548
2020-09-29,160441.0,9373.0,8360339.0,0.42681830274009047,0.5137004522479394,5.842022924314858,52.10849471145156
2020-09-30,162736.0,9391.0,8446021.0,0.4329236499068901,0.6105347166799613,5.770696096745649,51.90013887523351
2020-10-01,164583.0,9407.0,8541588.0,0.43783719074221866,0.4913540835328578,5.715657145634726,51.89836131313684
2020-10-02,166824.0,9505.0,8643554.0,0.44379888268156426,0.5961691939345592,5.697621445355584,51.81241308205055
2020-10-03,168178.0,9526.0,8744541.0,0.4474009044958766,0.36020218143123506,5.664236701589982,51.99574855212929
2020-10-04,170289.0,9570.0,8855895.0,0.4530167597765363,0.5615855280659721,5.619858006095519,52.00509134471399
2020-10-05,172826.0,9599.0,8954787.0,0.4597658951848896,0.6749135408353257,5.554141159316306,51.813887956673184
2020-10-06,174835.0,9617.0,9045978.0,0.4651104017025805,0.5344506517690917,5.500614865444562,51.74008636714617
2020-10-07,176535.0,9636.0,9141759.0,0.469632881085395,0.4522479382814526,5.458407681196363,51.78439969411165
2020-10-08,178904.0,9654.0,9238881.0,0.4759350891194467,0.6302208034051682,5.39619013549166,51.64155636542503
2020-10-09,181837.0,9668.0,9346434.0,0.4837376961957967,0.7802607076349999,5.316849706055423,51.40006709305587
2020-10-10,183792.0,9694.0,9457407.0,0.48893854748603355,0.5200851290236841,5.274440672064072,51.457120005223295
2020-10-11,185566.0,9708.0,9564007.0,0.49365788773610003,0.4719340250066484,5.231561816280999,51.53965166032571
2020-10-12,186494.0,9720.0,9664380.0,0.49612662942271885,0.2468741686618814,5.2119639237723465,51.821399079863156
2020-10-13,190739.0,9752.0,9753793.0,0.5074195264698058,1.129289704708697,5.112745689135415,51.13685717131787
2020-10-14,193208.0,9777.0,9824759.0,0.5139877627028465,0.6568236233040703,5.060349467930934,50.85068423667757
2020-10-15,195684.0,9796.0,9905469.0,0.5205746209098164,0.6586858206969914,5.006030130209931,50.619718525786475
2020-10-16,198329.0,9828.0,10002301.0,0.5276110667730779,0.7036445863261465,4.955402386942908,50.4328716425737
2020-10-17,199523.0,9836.0,10100418.0,0.5307874434690077,0.317637669592985,4.929757471569694,50.62282543867123
2020-10-18,201861.0,9860.0,10202508.0,0.5370071827613727,0.6219739292364967,4.884549269051476,50.5422444157118
2020-10-19,204976.0,9891.0,10295050.0,0.5452939611598829,0.828677839851022,4.825442978690188,50.22563617203966
2020-10-20,207465.0,9909.0,10371639.0,0.5519154030327215,0.6621441872838529,4.776227315450799,49.99223483479141
2020-10-21,210061.0,9946.0,10439112.0,0.5588214950784783,0.6906092045756873,4.734815125130319,49.695621747968445
2020-10-22,212541.0,9977.0,10528083.0,0.5654189944134078,0.659749933492948,4.694153128102343,49.53436278176916
2020-10-23,215574.0,10004.0,10625080.0,0.573487629688747,0.8068635275339187,4.640633842671194,49.287390872739756
2020-10-24,216935.0,10026.0,10720643.0,0.5771082734769886,0.3620643788241562,4.621660866158066,49.41868762532556
2020-10-25,219704.0,10057.0,10824708.0,0.5844745943069966,0.7366320830007989,4.577522484797728,49.269508065397076
2020-10-26,223984.0,10095.0,10919294.0,0.5958606012237297,1.1386006916733193,4.507018358454175,48.75033038074148
2020-10-27,226721.0,10120.0,10993171.0,0.6031417930300611,0.7281191806331355,4.46363592256562,48.487661045955164
2020-10-28,229446.0,10158.0,11055901.0,0.610391061452514,0.7249268422452881,4.427185481551215,48.18519826015707
2020-10-29,232497.0,10192.0,11139581.0,0.6185075818036712,0.8116520351157175,4.383712478010469,47.912794573693425
2020-10-30,235898.0,10237.0,11231881.0,0.6275552008512902,0.9047619047619082,4.3395874488126225,47.61329472907782
2020-10-31,238191.0,10276.0,11329993.0,0.6336552274541102,0.6100026602819941,4.31418483485942,47.56683921726682
2020-11-01,240586.0,10313.0,11426963.0,0.6400266028198989,0.637137536578869,4.286616843872877,47.496375516447344
2020-11-02,243974.0,10345.0,11516627.0,0.6490396382016493,0.9013035381750467,4.240205923582021,47.204320952232614
2020-11-03,248905.0,10403.0,11586165.0,0.6621574886938015,1.3117850492152194,4.179506237319459,46.548542616660974
2020-11-04,251822.0,10444.0,11649796.0,0.6699175312583133,0.7760042564511793,4.1473739387345026,46.26202635194701
2020-11-05,254739.0,10484.0,11729364.0,0.6776775738228252,0.7760042564511904,4.115584971284334,46.04463391942341
2020-11-06,260195.0,10546.0,11826258.0,0.6921920723596702,1.4514498536844944,4.053114010645862,45.451519053017925
2020-11-07,264545.0,10593.0,11928609.0,0.7037642990156957,1.157222665602553,4.004233684250317,45.0910393316827
2020-11-08,268395.0,10641.0,12028151.0,0.7140063846767758,1.0242085661080091,3.9646789247191636,44.81510832914175
2020-11-09,273304.0,10702.0,12116510.0,0.7270657089651503,1.305932428837453,3.9157860843602723,44.33345285835553
2020-11-10,277892.0,10769.0,12192838.0,0.7392710827347699,1.220537376961961,3.8752464986397595,43.876174916874184
2020-11-11,281888.0,10832.0,12264295.0,0.7499015695663741,1.063048683160417,3.8426609149733224,43.507687450334885
2020-11-12,287329.0,10905.0,12358240.0,0.7643761638733706,1.447459430699649,3.795300857205503,43.010764663504204
2020-11-13,292173.0,10951.0,12460757.0,0.7772625698324023,1.2886405959031677,3.748121831928344,42.64855753269467
2020-11-14,296394.0,11013.0,12562354.0,0.7884916201117318,1.1229050279329522,3.715662260369643,42.38396863634217
2020-11-15,300597.0,11078.0,12670682.0,0.7996727853152434,1.1181165203511645,3.685332854286636,42.15172473444512
2020-11-16,306437.0,11152.0,12773233.0,0.8152088321362063,1.5536046820962879,3.639247218841067,41.683063729249405
2020-11-17,311043.0,11220.0,12857284.0,0.8274620909816441,1.225325884543782,3.6072182945766342,41.33603392456992
2020-11-18,315586.0,11324.0,12931224.0,0.8395477520617185,1.2085661080074361,3.5882453594265904,40.97527773728873
2020-11-19,320481.0,11394.0,13025678.0,0.8525698324022347,1.3022080340516218,3.5552809682945323,40.64415051126276
2020-11-20,325356.0,11461.0,13136367.0,0.865538707102953,1.296887470071828,3.522602933402181,40.37536421642754
2020-11-21,330240.0,11527.0,13252042.0,0.8785315243415801,1.2992817238627108,3.4904917635658914,40.12851865310078
2020-11-22,335038.0,11583.0,13373339.0,0.891295557329077,1.2764032987496843,3.457219778055027,39.91588715309905
2020-11-23,341746.0,11662.0,13486536.0,0.9091407289172652,1.7845171588188213,3.4124759324176432,39.46362503145611
2020-11-24,347135.0,11762.0,13583460.0,0.9234769885607874,1.4336259643522253,3.38830714275426,39.130194304809365
2020-11-25,352376.0,11820.0,13664747.0,0.9374195264698059,1.3942537909018449,3.354371466842237,38.77888108157196
2020-11-26,357926.0,11902.0,13765816.0,0.9521840915137004,1.4764565043894562,3.3252683515587025,38.459949822030254
2020-11-27,363884.0,11988.0,13883888.0,0.9680340516094706,1.5849960095770221,3.2944564751404295,38.154708643413834
2020-11-28,369510.0,12056.0,14016273.0,0.9830007980845971,1.4966746475126413,3.262699250358583,37.93205325972234
2020-11-29,374880.0,12130.0,14149766.0,0.9972865123703113,1.4285714285714235,3.2357020913358943,37.744787665386255
2020-11-30,382708.0,12239.0,14277692.0,1.0181111997871775,2.082468741686616,3.1979995192156947,37.307012134577796
2020-12-01,388543.0,12317.0,14381174.0,1.033633945198191,1.5522745411013616,3.1700481027839906,37.01308220711736
2020-12-02,395028.0,12423.0,14473250.0,1.0508858739026337,1.7251928704442587,3.1448403657462256,36.638542078029914
2020-12-03,401325.0,12513.0,14591325.0,1.0676376695929768,1.675179569034313,3.117921883760045,36.35787703233041
2020-12-04,408165.0,12616.0,14719207.0,1.0858339984038308,1.819632881085398,3.0909068636458294,36.06190388690848
2020-12-05,414131.0,12690.0,14852779.0,1.1017052407555201,1.5871242351689352,3.0642477863284805,35.86492921321997
2020-12-06,420281.0,12775.0,14985423.0,1.1180659749933493,1.6360734237829133,3.03963300744026,35.65572319471973
2020-12-07,428054.0,12896.0,15122337.0,1.1387443469007714,2.0678371907422166,3.012704004634929,35.328105799735546
2020-12-08,434320.0,12993.0,15230658.0,1.155413673849428,1.6669326948656638,2.991573033707865,35.067825566402654
2020-12-09,440737.0,13109.0,15328313.0,1.1724847033785581,1.7071029529130088,2.9743361687355496,34.7788204757032
2020-12-10,447341.0,13227.0,15449032.0,1.1900532056397979,1.7568502261239738,2.956804764150838,34.535247160443596
2020-12-11,454254.0,13355.0,15584772.0,1.2084437350359138,1.8390529396115962,2.939985118457955,34.30849700828171
2020-12-12,460332.0,13453.0,15728238.0,1.2246129289704708,1.6169193934556958,2.922455966563263,34.167161961367015
2020-12-13,466016.0,13537.0,15877256.0,1.2397339718010107,1.5121042830539944,2.90483588546316,34.07019501476344
2020-12-14,474661.0,13677.0,16008664.0,1.262732109603618,2.2998137802607177,2.8814248484708034,33.726520611552246
2020-12-15,480952.0,13793.0,16132400.0,1.2794679436020218,1.6735833998403837,2.867853756715847,33.5426404298142
2020-12-16,487685.0,13911.0,16229379.0,1.2973796222399574,1.7911678637935635,2.852455991059803,33.27840511805776
2020-12-17,495152.0,14067.0,16356624.0,1.317243947858473,1.9864325618515588,2.8409458105793775,33.03354121562672
2020-12-18,502197.0,14180.0,16493272.0,1.3359856344772545,1.8741686618781506,2.8235931317789635,32.84223521845013
2020-12-19,508674.0,14284.0,16640503.0,1.3532162809257782,1.7230646448523679,2.808085335598045,32.71349233497289
2020-12-20,514500.0,14374.0,16783349.0,1.3687150837988826,1.5498802873104456,2.793780369290573,32.620697764820214
2020-12-21,522076.0,14481.0,16922977.0,1.3888693801542962,2.015429635541355,2.77373409235437,32.4147767757951
2020-12-22,528307.0,14607.0,17037732.0,1.4054455972333066,1.657621707901047,2.7648696685828504,32.24968058344864
2020-12-23,535204.0,14752.0,17140068.0,1.4237935621175846,1.8347964884277923,2.7563321649315027,32.025298764583226
2020-12-24,541936.0,14902.0,17269154.0,1.4417025804735302,1.7909018355945605,2.749771190694104,31.86567048507573
2020-12-25,545983.0,14966.0,17405025.0,1.4524687416866187,1.0766161213088488,2.7411109869721217,31.878327713500237
2020-12-26,551184.0,15051.0,17533075.0,1.4663048683160416,1.3836126629422907,2.7306670730645304,31.80984027112543
2020-12-27,556649.0,15171.0,17632876.0,1.4808433093907953,1.4538441074753772,2.7254158365505012,31.676830462284133
2020-12-28,563156.0,15328.0,17708419.0,1.4981537642990157,1.7310454908220363,2.7218035499932522,31.44496196435801
2020-12-29,571823.0,15528.0,17786792.0,1.5212104283054004,2.305666400638473,2.7155256084487682,31.105415486960126
2020-12-30,580573.0,15650.0,17864192.0,1.5444878957169461,2.3277467411545683,2.6956127825441416,30.769932463273353
2020-12-31,587429.0,15762.0,17965095.0,1.5627267890396381,1.8238893322692018,2.683217886757378,30.582581043836786
2021-01-01,591149.0,15806.0,18097623.0,1.5726230380420325,0.9896249002394386,2.6737759854114618,30.61431720260036
2021-01-02,598091.0,15914.0,18229970.0,1.5910907156158554,1.8467677573822838,2.660799109165662,30.480261364909353
2021-01-03,608734.0,16006.0,18342575.0,1.6194040968342645,2.8313381218409095,2.6293914911931977,30.132332020225583
2021-01-04,618801.0,16247.0,18430711.0,1.6461851556264964,2.6781058792231915,2.6255613678710925,29.78455270757481
2021-01-05,626129.0,16389.0,18514140.0,1.665679702048417,1.9494546421920722,2.6175117268166783,29.569210178733137
2021-01-06,634437.0,16539.0,18597612.0,1.687781324820431,2.2101622772013885,2.6068782243154165,29.31356777741525
2021-01-07,642978.0,16704.0,18716320.0,1.7105027932960895,2.272146847565848,2.597911592620587,29.108803100572647
2021-01-08,652373.0,16846.0,18851810.0,1.7354961425911146,2.499334929502517,2.582265053887883,28.897287288100518
2021-01-09,659647.0,16984.0,18998073.0,1.7548470337855813,1.9350891194466646,2.574710413296809,28.800362921380678
2021-01-10,666375.0,17074.0,19139670.0,1.7727454110135674,1.789837722798615,2.562220971675108,28.722070906021383
2021-01-11,674624.0,17199.0,19260709.0,1.7946900771481775,2.1944666134610102,2.5494201214306043,28.550287271131772
2021-01-12,681015.0,17359.0,19355884.0,1.8116919393455708,1.7001862197393303,2.5489893761517735,28.42211111355844
2021-01-13,688097.0,17539.0,19449427.0,1.8305320563979783,1.8840117052407512,2.5489138885941953,28.265530877187373
2021-01-14,695359.0,17686.0,19569464.0,1.849851024208566,1.9318967810587617,2.5434343986343744,28.14296500081253
2021-01-15,702203.0,17856.0,19713708.0,1.8680579941473798,1.8206969938813877,2.542854416742737,28.07408683813655
2021-01-16,708263.0,17978.0,19860051.0,1.8841793030061185,1.6121308858738637,2.5383226287410183,28.040503315858658
2021-01-17,714316.0,18106.0,20001761.0,1.9002819898909284,1.610268688480998,2.5347325273408408,28.00127814580662
2021-01-18,720440.0,18231.0,20122360.0,1.9165735567970206,1.6291566906092125,2.5305368941202597,27.930653489534173
2021-01-19,725599.0,18382.0,20205977.0,1.9302979515828675,1.3724394785846972,2.533355200324146,27.847305467620544
2021-01-20,731371.0,18567.0,20285433.0,1.9456530992285181,1.5355147645650602,2.5386568513107575,27.736173569911852
2021-01-21,737654.0,18706.0,20407889.0,1.962367650971003,1.6714551742484929,2.5358772541055834,27.66593687555412
2021-01-22,743384.0,18887.0,20546199.0,1.977611066773078,1.5243415802074889,2.5406788416215575,27.638742561045166
2021-01-23,748123.0,18992.0,20688427.0,1.9902181431231711,1.2607076350093172,2.5386199862856778,27.653777520541407
2021-01-24,752510.0,19119.0,20817447.0,2.001888800212823,1.1670657089651648,2.540697133592909,27.664013767258908
2021-01-25,758142.0,19245.0,20924370.0,2.016871508379888,1.4982708167065262,2.538442666413416,27.59953940027066
2021-01-26,762368.0,19392.0,21001832.0,2.0281138600691673,1.1242351689279229,2.5436534586971122,27.54815522162525
2021-01-27,766633.0,19485.0,21078482.0,2.039459962756052,1.1346102686884851,2.5416333499862387,27.494879557754494
2021-01-28,771358.0,19676.0,21201895.0,2.052029795158287,1.2569832402234749,2.5508259459291276,27.48645246435507
2021-01-29,776171.0,19825.0,21334846.0,2.064833732375632,1.2803937217344963,2.554205194473898,27.48730112307726
2021-01-30,780147.0,19958.0,21471772.0,2.075411013567438,1.0577281191806343,2.5582358196596284,27.52272584525737
2021-01-31,783735.0,20041.0,21593178.0,2.0849561053471666,0.9545091779728399,2.5571143307367925,27.551631610174358
2021-02-01,788323.0,20145.0,21695238.0,2.0971614791167865,1.2205373769619943,2.555424616559456,27.520747206411585
2021-02-02,791385.0,20242.0,21765562.0,2.1053072625698324,0.8145783453045841,2.5577942467951758,27.503126796691877
2021-02-03,794681.0,20361.0,21837984.0,2.114075552008513,0.8768289438680466,2.5621601623796213,27.480188905988694
2021-02-04,798650.0,20486.0,21947836.0,2.12463421122639,1.0558659217877242,2.565078570087022,27.48116947348651
2021-02-05,802904.0,20607.0,22072745.0,2.135951050811386,1.1316839584996075,2.566558393033289,27.491138417544313
2021-02-06,806010.0,20700.0,22196761.0,2.144213886671987,0.8262835860600948,2.568206349797149,27.539064031463628
2021-02-07,808973.0,20760.0,22318959.0,2.152096302208034,0.788241553604685,2.5662166722498774,27.589250815540197
2021-02-08,812700.0,20830.0,22418263.0,2.1620111731843576,0.9914870976323709,2.5630614002707026,27.58491817398794
2021-02-09,815526.0,20914.0,22484611.0,2.1695291300877892,0.75179569034316,2.5644798571719356,27.570685667900225
2021-02-10,818967.0,21007.0,22557097.0,2.178683160415004,0.9154030327214624,2.5650606190481424,27.54335278466654
2021-02-11,822038.0,21089.0,22671229.0,2.186852886405959,0.8169725990955001,2.5654531785635215,27.57929560433946
2021-02-12,824754.0,21168.0,22800850.0,2.1940782122905027,0.7225325884543832,2.5665834903498497,27.645637365808472
2021-02-13,828335.0,21238.0,22922404.0,2.2036046820963024,0.9526469805799742,2.563938503141845,27.672866654191843
2021-02-14,830352.0,21261.0,23040160.0,2.2089704708699123,0.5365788773609825,2.5604803745881264,27.747461317609883
2021-02-15,832058.0,21298.0,23138775.0,2.213508911944666,0.4538441074753763,2.559677330186117,27.809089029851286
2021-02-16,836455.0,21395.0,23209222.0,2.2252061718542167,1.1697259909550617,2.5578184122277947,27.74712566725048
2021-02-17,838998.0,21439.0,23277743.0,2.2319712689545095,0.6765097100292827,2.555310024576936,27.7446942662557
2021-02-18,842393.0,21509.0,23366022.0,2.241002926310189,0.9031657355679457,2.553321312024198,27.737673508683002
2021-02-19,845454.0,21581.0,23486748.0,2.249146049481245,0.8143123171056033,2.5525930446836846,27.780042438737055
2021-02-20,848060.0,21631.0,23616086.0,2.2560787443469006,0.693269486565562,2.55064500153291,27.84718769898356
2021-02-21,850617.0,21675.0,23728396.0,2.2628810853950516,0.6802341048151028,2.548150342633641,27.895511140736666
2021-02-22,853901.0,21720.0,23823141.0,2.2716174514498535,0.8736366054801881,2.5436203962754464,27.899183863234732
2021-02-23,857206.0,21761.0,23892820.0,2.280409683426443,0.8792231976589626,2.538596323404176,27.872903362785607
2021-02-24,860200.0,21810.0,23961860.0,2.2883745677041767,0.7964884277733564,2.5354568704952336,27.85614973262032
2021-02-25,863301.0,21868.0,24077706.0,2.2966241021548286,0.8249534450651907,2.533067840764693,27.890279288452117
2021-02-26,866528.0,21915.0,24205430.0,2.3052088321362065,0.8584729981377937,2.529058495513128,27.933811717567117
2021-02-27,869058.0,21961.0,24328417.0,2.3119393455706305,0.673051343442399,2.5269889926794296,27.99400845513188
2021-02-28,871243.0,21990.0,24444017.0,2.317752061718542,0.5812716147911345,2.5239801065833527,28.056485963158384
2021-03-01,874909.0,22014.0,24545470.0,2.3275046554934824,0.9752593774940532,2.51614739361465,28.05488342216162
2021-03-02,877747.0,22043.0,24621134.0,2.3350545357807926,0.7549880287310184,2.511315903101919,28.050376703081866
2021-03-03,880487.0,22105.0,24698266.0,2.342343708433094,0.7289172652301446,2.5105424611606986,28.05068785796951
2021-03-04,883619.0,22152.0,24813290.0,2.350675711625432,0.8332003192338178,2.506962842582606,28.081435550842613
2021-03-05,886492.0,22183.0,24939113.0,2.3583187017823892,0.7642990156957019,2.50233504645276,28.132361036535016
2021-03-06,889255.0,22212.0,25067769.0,2.3656690609204576,0.7350359138068363,2.4978212098891768,28.189629521340898
2021-03-07,891807.0,22234.0,25180543.0,2.372458100558659,0.6789039638201544,2.493140331932806,28.235417528680532
2021-03-08,895889.0,22271.0,25277398.0,2.383317371641394,1.0859271082734878,2.4859106429479545,28.214877066243698
2021-03-09,898963.0,22302.0,25353457.0,2.391495078478319,0.817770683692487,2.480858500294228,28.203003905611244
2021-03-10,901948.0,22330.0,25430035.0,2.3994360202181433,0.7940941739824403,2.4757524824047508,28.194568866497846
2021-03-11,905071.0,22367.0,25543898.0,2.4077440808725723,0.8308060654429017,2.4712978318828025,28.22308747048574
2021-03-12,908645.0,22397.0,25664264.0,2.4172519287044425,0.9507847831870198,2.4648790231608606,28.244544349003185
2021-03-13,911560.0,22426.0,25787862.0,2.4250066507049746,0.7754722000532066,2.4601781561279563,28.289813067708106
2021-03-14,914204.0,22455.0,25901412.0,2.4320404362862464,0.7033785581271879,2.4562351510166223,28.332201565514918
2021-03-15,917994.0,22484.0,25996238.0,2.442122905027933,1.00824687416865,2.4492534809595705,28.31852713634294
2021-03-16,921011.0,22509.0,26068778.0,2.450148975791434,0.8026070763500925,2.4439447520170767,28.304524050201355
2021-03-17,924444.0,22543.0,26141455.0,2.4592817238627296,0.9132748071295715,2.4385468454552144,28.278029821168182
2021-03-18,928117.0,22577.0,26250640.0,2.4690529396115988,0.9771215748869189,2.4325596880565703,28.283761637810752
2021-03-19,932391.0,22605.0,26371705.0,2.480422984836393,1.1370045224794012,2.42441207604964,28.28395490732965
2021-03-20,935714.0,22635.0,26492049.0,2.4892631018888,0.8840117052407059,2.4190083722162967,28.312122080037277
2021-03-21,938856.0,22656.0,26592828.0,2.497621707901038,0.8358606012238035,2.413149620389069,28.324714333188478
2021-03-22,943715.0,22695.0,26704383.0,2.5105480180899176,1.2926310188879686,2.4048573986849844,28.297084395182868
2021-03-23,947393.0,22715.0,26778301.0,2.5203325352487362,0.9784517158818673,2.3976322392080163,28.265251062652986
2021-03-24,951589.0,22739.0,26858481.0,2.5314950784783186,1.1162543229582322,2.3895820569594646,28.224875445176437
2021-03-25,956755.0,22771.0,26977663.0,2.545238095238095,1.3743016759776516,2.380024144112129,28.197044175363597
2021-03-26,961839.0,22809.0,27110501.0,2.5587629688747007,1.3524873636605594,2.371394796842299,28.186111189086738
2021-03-27,966076.0,22830.0,27233666.0,2.5700345836658687,1.1271614791168005,2.363168115137939,28.189982982705295
2021-03-28,970166.0,22855.0,27357887.0,2.5809151370045225,1.0880553338653787,2.355782412494357,28.199181377207612
2021-03-29,976479.0,22871.0,27466380.0,2.597709497206704,1.679436020218139,2.342190666670763,28.127978174645843
2021-03-30,980365.0,22892.0,27550308.0,2.60804735301942,1.0337855812716068,2.3350486808484594,28.102092587964687
2021-03-31,989493.0,22960.0,27644520.0,2.6323304070231446,2.428305400372466,2.3203802351305165,27.938065251598545
2021-04-01,995249.0,22998.0,27772855.0,2.6476429901569567,1.5312583133812119,2.310778508694809,27.905433715582735
2021-04-02,998882.0,23011.0,27912267.0,2.6573077946262305,0.9664804469273758,2.3036755092193073,27.943507841767097
2021-04-03,1005978.0,23038.0,28046932.0,2.6761851556264964,1.8877361000265935,2.2901097240695125,27.8802637831046
2021-04-04,1009472.0,23060.0,28175556.0,2.6854801808991753,0.9295025272678892,2.2843625182273506,27.911181290813417
2021-04-05,1017761.0,23083.0,28278838.0,2.7075312583133813,2.2051077414205977,2.2680177369736114,27.785342531301552
2021-04-06,1028626.0,23132.0,28364201.0,2.7364352221335464,2.8903963820165135,2.2488251317777306,27.57484352913498
2021-04-07,1036386.0,23160.0,28454447.0,2.7570790103751,2.064378824155355,2.23468861987715,27.45545289110428
2021-04-08,1044733.0,23196.0,28578085.0,2.7792843841447192,2.2205373769619285,2.220280205564484,27.354438885341995
2021-04-09,1053999.0,23236.0,28725342.0,2.803934557063049,2.4650172918329716,2.2045561713056654,27.253671018663205
2021-04-10,1061369.0,23270.0,28876246.0,2.823540835328545,1.960627826549599,2.192451447140438,27.206603923800298
2021-04-11,1069041.0,23294.0,29017883.0,2.843950518754988,2.0409683426442893,2.1789622661806236,27.143844810442257
2021-04-12,1079582.0,23336.0,29147591.0,2.871992551210428,2.8042032455440236,2.161577351234089,26.998959782582517
2021-04-13,1087048.0,23370.0,29257856.0,2.891854216546954,1.9861665336526002,2.1498590678608487,26.914962356768054
2021-04-14,1096000.0,23428.0,29364607.0,2.9156690609204574,2.381484437350334,2.1375912408759126,26.792524635036497
2021-04-15,1105778.0,23482.0,29498439.0,2.941681298217611,2.601223729715363,2.1235727243623947,26.676637625273788
2021-04-16,1115036.0,23531.0,29658759.0,2.966310188880021,2.462889066240992,2.1103354510527015,26.598925057128202
2021-04-17,1122116.0,23572.0,29810138.0,2.985144985368449,1.8834796488428118,2.1006740836063296,26.566003871257518
2021-04-18,1130006.0,23611.0,29950139.0,3.006134610268689,2.09896249002397,2.0894579320817765,26.504407056245718
2021-04-19,1140322.0,23649.0,30073460.0,3.0335780792764035,2.744346900771477,2.0738879018382526,26.372778916832264
2021-04-20,1147636.0,23698.0,30175632.0,3.0530353817504654,1.9457302474061855,2.064940451502044,26.29373076480696
2021-04-21,1155855.0,23761.0,30281436.0,3.074900239425379,2.186485767491364,2.0557076795964893,26.19829995977004
2021-04-22,1164756.0,23810.0,30418457.0,3.098579409417398,2.3679169992019133,2.0442049665337634,26.115733252286315
2021-04-23,1173220.0,23870.0,30559306.0,3.121096036179835,2.251662676243704,2.034571521112835,26.047379008199655
2021-04-24,1180681.0,23912.0,30705297.0,3.1409444001064117,1.9848363926576518,2.025271855818803,26.006429340355268
2021-04-25,1187484.0,23950.0,30840738.0,3.1590422984836395,1.809789837722775,2.0168692799229295,25.971497721232456
2021-04-26,1196400.0,24011.0,30960379.0,3.1827613727055066,2.3719074221867142,2.0069374791039785,25.877949682380475
2021-04-27,1203429.0,24048.0,31064387.0,3.2014604948124505,1.869912210694391,1.9982898866489007,25.81322786803376
2021-04-28,1211651.0,24110.0,31173221.0,3.2233333333333336,2.1872838520883064,1.9898469113630906,25.727887815880976
2021-04-29,1220914.0,24165.0,31325175.0,3.2479755254056926,2.464219207235896,1.9792548860935333,25.65715111793296
2021-04-30,1229305.0,24220.0,31479292.0,3.270297951582868,2.232242617717528,1.9702189448509524,25.60738954124485
2021-05-01,1235669.0,24245.0,31629802.0,3.2872279861665334,1.6930034583665599,1.9620950270663098,25.597309635509184
2021-05-02,1241406.0,24269.0,31756698.0,3.302490023942538,1.5262037776004433,1.9549607461217362,25.581234503458177
2021-05-03,1252391.0,24334.0,31897888.0,3.3317132216014897,2.922319765895187,1.9430034230523852,25.469592164108494
2021-05-04,1259137.0,24400.0,32009489.0,3.3496594839052944,1.7946262303804694,1.937835199823371,25.42176824285205
2021-05-05,1266916.0,24437.0,32127668.0,3.3703538175046552,2.0694333599360792,1.9288571618007824,25.358956710626433
2021-05-06,1275006.0,24479.0,32266260.0,3.391875498802873,2.1521681298217743,1.9199125337449392,25.30675149764001
2021-05-07,1282734.0,24523.0,32408919.0,3.4124341580207505,2.0558659217877473,1.9117759410758581,25.265502434643505
2021-05-08,1288676.0,24554.0,32549753.0,3.428241553604682,1.5807395583931516,1.9053664381116744,25.25829067973641
2021-05-09,1294120.0,24577.0,32656754.0,3.442724128757648,1.4482575152966248,1.8991283652211544,25.234718573238958
2021-05-10,1302993.0,24660.0,32746783.0,3.4663288108539505,2.3604682096302287,1.8925658081048784,25.13197154551099
2021-05-11,1308541.0,24693.0,32867352.0,3.4810880553338657,1.4759244479915168,1.8870635310624582,25.117556117844224
2021-05-12,1315211.0,24755.0,33001128.0,3.4988321362064383,1.774408087257262,1.8822074937025313,25.091888677938368
2021-05-13,1321104.0,24802.0,33130218.0,3.514509177972865,1.5677041766426925,1.8773692305829064,25.07767594375613
2021-05-14,1327839.0,24857.0,33260624.0,3.5324261771747807,1.7916999201915473,1.871988998666254,25.048687378515016
2021-05-15,1332229.0,24884.0,33383698.0,3.5441048151104013,1.1678637935620628,1.8678470443144535,25.058528226003187
2021-05-16,1336374.0,24904.0,33482165.0,3.5551316839585,1.1026868848098559,1.8635501738285838,25.0544869924138
2021-05-17,1342824.0,24964.0,33592273.0,3.572290502793296,1.7158818834796197,1.8590671599554371,25.016139866430745
2021-05-18,1346736.0,24999.0,33668274.0,3.5826975259377494,1.0407023144453298,1.8562658160173933,24.999906440460492
2021-05-19,1351766.0,25050.0,33754111.0,3.5960787443469004,1.3381218409151074,1.8531313851657758,24.97038022853068
2021-05-20,1356616.0,25093.0,33863629.0,3.6089811119978723,1.2902367650971858,1.8496759584141715,24.961838132529767
2021-05-21,1360950.0,25148.0,33979043.0,3.6205107741420592,1.1529662144186936,1.8478268856313607,24.967150152467028
2021-05-22,1364195.0,25180.0,34083113.0,3.6291433891992555,0.8632615057196258,1.8457771799486145,24.984047735111183
2021-05-23,1367023.0,25206.0,34156885.0,3.6366666666666667,0.7523277467411216,1.84386071046354,24.986327954979544
2021-05-24,1368739.0,25231.0,34218813.0,3.64123171056132,0.4565043894653176,1.8433755449358862,25.000246942623832
2021-05-25,1372492.0,25269.0,34315351.0,3.6512157488693804,0.9984038308060494,1.8411036275621278,25.002222963776838
2021-05-26,1374976.0,25303.0,34372343.0,3.657823889332269,0.6608140462888823,1.8402503025507353,24.998503973887544
2021-05-27,1379674.0,25393.0,34449561.0,3.670321894120777,1.249800478850771,1.8405072502634683,24.969348556253145
2021-05-28,1382769.0,25424.0,34550157.0,3.678555466879489,0.8233572758712171,1.8386295903364915,24.986210278072477
2021-05-29,1384928.0,25451.0,34650354.0,3.6842990156956636,0.574354881617456,1.8377128630513644,25.01960679544352
2021-05-30,1386871.0,25473.0,34717353.0,3.689467943602022,0.5168927906358256,1.836724540350184,25.032863907313658
2021-05-31,1389814.0,25528.0,34790069.0,3.6972971534982713,0.7829209896249356,1.8367925492188162,25.032176248044703
2021-06-01,1391540.0,25546.0,34862859.0,3.701888800212823,0.45916467145517004,1.8358078100521722,25.053436480446123
2021-06-02,1393732.0,25590.0,34927927.0,3.707720138334664,0.583133812184089,1.8360775242299092,25.06071970794959
2021-06-03,1395909.0,25627.0,35017704.0,3.7135115722266563,0.5791433891992437,1.8358646587993916,25.085950445193777
2021-06-04,1397898.0,25668.0,35104681.0,3.7188028731045493,0.5291300877892979,1.8361854727598153,25.112476732923287
2021-06-05,1399231.0,25686.0,35162931.0,3.722349028997074,0.3546155892524716,1.8357226219259009,25.130182936198526
2021-06-06,1400580.0,25694.0,35171179.0,3.725937749401437,0.3588720404362977,1.8345256964971655,25.111867226434764
2021-06-07,1402369.0,25741.0,35317305.0,3.7306969938813515,0.4759244479914493,1.8355368665451104,25.18403144963986
2021-06-08,1403490.0,25774.0,35364353.0,3.733679169992019,0.2982176110667645,1.836422062145081,25.197438528240315
2021-06-09,1404927.0,25816.0,35422973.0,3.7375019952114923,0.38228252194731915,1.8375331956749354,25.21339044662107
2021-06-10,1406417.0,25849.0,35504029.0,3.7414658153764297,0.39638201649374594,1.837932846374866,25.244311608861384
2021-06-11,1407798.0,25863.0,35581916.0,3.7451396648044692,0.36738494280394995,1.8371243601709903,25.274873241757696
2021-06-12,1408935.0,25883.0,35639265.0,3.748164405426975,0.3024740622505906,1.8370613264628959,25.295180402218698
2021-06-13,1409909.0,25895.0,35647517.0,3.750755520085129,0.259111465815387,1.8366433578337324,25.28355872613055
2021-06-14,1411228.0,25921.0,35785462.0,3.7542644320297955,0.3508911944666515,1.8367691117239737,25.35767572638865
2021-06-15,1412121.0,25943.0,35830746.0,3.7566400638467674,0.23756318169718682,1.8371655120205703,25.37370806042825
2021-06-16,1413203.0,25992.0,35889917.0,3.7595184889598294,0.2878425113062022,1.8392262116624436,25.39615115450505
2021-06-17,1414304.0,26004.0,35974549.0,3.7624474594306996,0.29289704708701514,1.8386428943140936,25.436220925628437
2021-06-18,1415272.0,26016.0,36052705.0,3.765022612396914,0.2575152966214578,1.838233215947182,25.474046685018852
2021-06-19,1416009.0,26042.0,36104847.0,3.7669832402234635,0.1960627826549377,1.8391126045102821,25.49761124399633
2021-06-20,1416589.0,26055.0,36111298.0,3.7685262037776,0.15429635541366338,1.8392773062617316,25.49172554636525
2021-06-21,1417625.0,26103.0,36243642.0,3.7712822559191275,0.27560521415272987,1.8413191076624635,25.5664523410634
2021-06-22,1418135.0,26121.0,36287490.0,3.7726389997339718,0.13567438148442967,1.841926191794152,25.588177430216447
2021-06-23,1418853.0,26144.0,36344745.0,3.7745490822027135,0.19100824687416917,1.8426151264436839,25.615581741026027
2021-06-24,1419569.0,26162.0,36415725.0,3.7764538441074755,0.19047619047620756,1.8429537415933992,25.65266288570686
2021-06-25,1420191.0,26174.0,36484663.0,3.778108539505187,0.16546953977116807,1.8429915412786027,25.689969166119205
2021-06-26,1420724.0,26184.0,36527044.0,3.7795264698057993,0.14179303006121025,1.8430039895152048,25.71016186113559
2021-06-27,1421122.0,26187.0,36533130.0,3.780585262037776,0.10587922319764687,1.8426989378814769,25.707243994533897
2021-06-28,1422053.0,26215.0,36643986.0,3.7830619845703644,0.2476722532588571,1.8434615306180573,25.76836868949329
2021-06-29,1422618.0,26246.0,36705571.0,3.7845650438946525,0.15030593242881807,1.8449084715643975,25.801424556697583
2021-06-30,1423170.0,26273.0,36768392.0,3.7860335195530723,0.14684756584197878,1.8460900665415936,25.835558647245236
2021-07-01,1423321.0,26273.0,36834559.0,3.786435222133546,0.040170258047389495,1.8458942150084205,25.879305511546587
2021-07-02,1424160.0,26306.0,36897574.0,3.788667198723065,0.22319765895186805,1.8471239186608246,25.908306650938098
2021-07-03,1424502.0,26312.0,36942317.0,3.7895770151636072,0.09098164405423326,1.8471016537709317,25.933496056867593
2021-07-04,1424784.0,26316.0,36946410.0,3.790327214684756,0.07501995211489643,1.8470168109692418,25.93123589259846
2021-07-05,1425594.0,26336.0,37043785.0,3.7924820430965687,0.21548284118124705,1.8473702891566604,25.984807034821976
2021-07-06,1425884.0,26345.0,37086569.0,3.793253524873637,0.07714817770683169,1.8476257535676115,26.009527422988125
2021-07-07,1426435.0,26356.0,37148758.0,3.794719340250066,0.14658153764290915,1.8476832102409153,26.04307802318367
2021-07-08,1427027.0,26375.0,37215006.0,3.7962942271880817,0.15748869380156627,1.8482481410653058,26.07869788027837
2021-07-09,1427582.0,26383.0,37279413.0,3.797770683692472,0.14764565043901,1.8480899871250827,26.11367543160393
2021-07-10,1427899.0,26389.0,37328076.0,3.798613993083267,0.08433093907953548,1.8480999006232235,26.14195821973403
2021-07-11,1428162.0,26396.0,37332815.0,3.7993136472466085,0.0699654163341279,1.8482497083664178,26.140462356511375
2021-07-12,1428689.0,26405.0,37454055.0,3.800715615855281,0.1401968608672366,1.8481978933133802,26.21568094945786
2021-07-13,1429029.0,26414.0,37564476.0,3.801620111731844,0.09044958765631606,1.848387961335984,26.286713565644924
2021-07-14,1429369.0,26427.0,37613760.0,3.8025246076084067,0.09044958765627165,1.8488577826999186,26.314940368792104
2021-07-15,1429747.0,26436.0,37679387.0,3.8035301942005857,0.10055865921789753,1.848998459167951,26.353884288618897
2021-07-16,1430127.0,26450.0,37747547.0,3.804541101356744,0.10109071561581473,1.8494860945915994,26.394541883343226
2021-07-17,1430437.0,26452.0,37794221.0,3.8053657887736096,0.08246874168658103,1.8492250969458983,26.421450927234126
2021-07-18,1430740.0,26457.0,37798244.0,3.806171854216547,0.08060654429371539,1.8491829402966298,26.418667263094623
2021-07-19,1431378.0,26466.0,37907486.0,3.807869114126097,0.1697259909550386,1.848987479198367,26.483211283113196
2021-07-20,1431691.0,26468.0,0.0,3.8087017823889333,0.08326682628361226,1.8487229437078252,0.0
